Silhouette Score,Dunn Index,Davies-Bouldin Index,Calinski–Harabasz Index,C-index
0.517363965511322,0.0006200075893502445,0.6702602815651734,114922.60749871065,171459.67120466477
